trading_day,corr_asia_london_40,corr_asia_nyam_40
2020-09-01,,
2020-09-02,,
2020-09-03,,
2020-09-04,,
2020-09-07,,
2020-09-08,,
2020-09-09,,
2020-09-10,,
2020-09-11,,
2020-09-14,,
2020-09-15,,
2020-09-16,,
2020-09-17,,
2020-09-18,,
2020-09-21,,
2020-09-22,,
2020-09-23,,
2020-09-24,,
2020-09-25,,
2020-09-28,,
2020-09-29,,
2020-09-30,,
2020-10-01,,
2020-10-02,,
2020-10-05,,
2020-10-06,,
2020-10-07,,
2020-10-08,,
2020-10-09,,
2020-10-12,,
2020-10-13,,
2020-10-14,,
2020-10-15,,
2020-10-16,,
2020-10-19,,
2020-10-20,,
2020-10-21,,
2020-10-22,,
2020-10-23,,
2020-10-26,0.4212007504690432,0.45590994371482185
2020-10-27,0.44690431519699814,0.49193245778611633
2020-10-28,0.4315196998123828,0.4116322701688556
2020-10-29,0.43245778611632274,0.4461538461538462
2020-10-30,0.40093808630394,0.4097560975609757
2020-11-02,0.43771106941838656,0.48799249530956856
2020-11-03,0.4227016885553471,0.4354596622889307
2020-11-04,0.4227016885553471,0.44277673545966234
2020-11-05,0.38986866791744845,0.4221388367729832
2020-11-06,0.4106941838649156,0.41801125703564734
2020-11-09,0.4202626641651032,0.4410881801125704
2020-11-10,0.4583489681050658,0.47786116322701694
2020-11-11,0.4904315196998124,0.48761726078799256
2020-11-12,0.4739212007504691,0.44033771106941844
2020-11-13,0.48649155722326465,0.4320825515947468
2020-11-16,0.3939962476547843,0.40919324577861166
2020-11-17,0.3525328330206379,0.37879924953095684
2020-11-18,0.35309568480300196,0.4221388367729832
2020-11-19,0.3071294559099437,0.38630393996247664
2020-11-20,0.3397748592870544,0.43621013133208264
2020-11-23,0.3737335834896811,0.425703564727955
2020-11-24,0.4082551594746718,0.42045028142589125
2020-11-25,0.4046904315196999,0.4288930581613509
2020-11-26,0.4497185741088181,0.5056285178236398
2020-11-27,0.4960600375234523,0.5470919324577862
2020-11-30,0.49455909943714826,0.5435272045028143
2020-12-01,0.4932457786116323,0.550656660412758
2020-12-02,0.5116322701688556,0.5701688555347093
2020-12-03,0.5542213883677298,0.5761726078799251
2020-12-04,0.5545966228893059,0.5761726078799251
2020-12-07,0.5497185741088181,0.6118198874296437
2020-12-08,0.5754221388367731,0.627767354596623
2020-12-09,0.6091932457786117,0.6487804878048781
2020-12-10,0.5879924953095685,0.5840525328330207
2020-12-11,0.5855534709193246,0.5836772983114447
2020-12-14,0.6210131332082554,0.5662288930581615
2020-12-15,0.6356472795497187,0.5658536585365854
2020-12-16,0.6570356472795498,0.575797373358349
2020-12-17,0.6806754221388369,0.5849906191369606
2020-12-18,0.6748592870544091,0.577298311444653
2020-12-21,0.6583489681050658,0.5602251407129456
2020-12-22,0.6469043151969983,0.5615384615384615
2020-12-23,0.6069418386491559,0.5315196998123828
2020-12-24,0.6037523452157599,0.5257035647279551
2020-12-28,0.5219512195121951,0.4851782363977487
2020-12-29,0.5318949343339588,0.46135084427767364
2020-12-30,0.528330206378987,0.45272045028142593
2020-12-31,0.5247654784240151,0.4530956848030019
2021-01-04,0.5090056285178237,0.44371482176360233
2021-01-05,0.4701688555347093,0.42345215759849913
2021-01-06,0.48480300187617265,0.41632270168855545
2021-01-07,0.4671669793621014,0.39530956848030024
2021-01-08,0.42345215759849913,0.36266416510318955
2021-01-11,0.375797373358349,0.36998123827392126
2021-01-12,0.38086303939962485,0.3452157598499062
2021-01-13,0.38986866791744845,0.3125703564727955
2021-01-14,0.3951219512195122,0.3410881801125704
2021-01-15,0.3973733583489682,0.3525328330206379
2021-01-18,0.4026266416510319,0.3170731707317073
2021-01-19,0.37823639774859297,0.29587242026266425
2021-01-20,0.38048780487804884,0.26097560975609757
2021-01-21,0.3442776735459663,0.25628517823639774
2021-01-22,0.3671669793621013,0.2651031894934334
2021-01-25,0.3619136960600376,0.29868667917448405
2021-01-26,0.3249530956848031,0.300750469043152
2021-01-27,0.3101313320825516,0.23846153846153853
2021-01-28,0.3562851782363978,0.2744840525328331
2021-01-29,0.40487804878048783,0.2859287054409006
2021-02-01,0.43827392120075054,0.3061913696060038
2021-02-02,0.4296435272045029,0.2681050656660413
2021-02-03,0.4326454033771107,0.27185741088180115
2021-02-04,0.4118198874296436,0.2681050656660413
2021-02-05,0.3818011257035648,0.2482176360225141
2021-02-08,0.3906191369606004,0.2853658536585366
2021-02-09,0.42757973733583493,0.2954971857410882
2021-02-10,0.42007504690431524,0.2816135084427768
2021-02-11,0.4086303939962478,0.30318949343339596
2021-02-12,0.38574108818011266,0.28273921200750474
2021-02-15,0.375984990619137,0.24446529080675425
2021-02-16,0.4127579737335835,0.2868667917448406
2021-02-17,0.42195121951219516,0.3035647279549719
2021-02-18,0.45928705440900564,0.29455909943714825
2021-02-19,0.5275797373358351,0.28217636022514075
2021-02-22,0.5345215759849906,0.28874296435272045
2021-02-23,0.6106941838649156,0.3637898686679175
2021-02-24,0.6093808630393998,0.39474671669793626
2021-02-25,0.5988742964352721,0.3714821763602252
2021-02-26,0.5984990619136962,0.37223264540337714
2021-03-01,0.602063789868668,0.3797373358348969
2021-03-02,0.6242026266416512,0.3866791744840526
2021-03-03,0.6052532833020638,0.34971857410881807
2021-03-04,0.604502814258912,0.36810506566604134
2021-03-05,0.6288930581613509,0.4069418386491558
2021-03-08,0.6619136960600376,0.4168855534709193
2021-03-09,0.6853658536585365,0.42645403377110697
2021-03-10,0.6953095684803003,0.4410881801125704
2021-03-11,0.7127579737335836,0.4212007504690432
2021-03-12,0.7168855534709195,0.453658536585366
2021-03-15,0.7322701688555349,0.4621013133208256
2021-03-16,0.7482176360225142,0.4652908067542214
2021-03-17,0.7300187617260788,0.4705440900562852
2021-03-18,0.7320825515947468,0.476360225140713
2021-03-19,0.6568480300187618,0.4356472795497186
2021-03-22,0.6446529080675423,0.4330206378986867
2021-03-23,0.6491557223264541,0.4101313320825517
2021-03-24,0.6108818011257037,0.4433395872420263
2021-03-25,0.6172607879924954,0.42870544090056295
2021-03-26,0.6071294559099438,0.4365853658536586
2021-03-29,0.5956848030018762,0.43789868667917453
2021-03-30,0.6103189493433397,0.4797373358348968
2021-03-31,0.6099437148217637,0.4722326454033771
2021-04-01,0.5467166979362101,0.4761726078799251
2021-04-02,0.5682926829268293,
2021-04-05,0.5846153846153848,0.46960600375234535
2021-04-06,0.5628517823639776,0.5227016885553472
2021-04-07,0.5729831144465292,0.5200750469043154
2021-04-08,0.5761726078799251,0.5953095684803003
2021-04-09,0.5656660412757974,0.5885553470919326
2021-04-12,0.5547842401500939,0.579737335834897
2021-04-13,0.5583489681050657,0.5825515947467168
2021-04-14,0.578611632270169,0.5782363977485929
2021-04-15,0.577861163227017,0.5964352720450282
2021-04-16,0.604315196998124,0.6090056285178237
2021-04-19,0.6165103189493434,0.6469043151969983
2021-04-20,0.6225140712945593,0.6418386491557224
2021-04-21,0.624577861163227,0.6307692307692309
2021-04-22,0.6621013133208257,0.6392120075046905
2021-04-23,0.6405253283302065,0.6626641651031895
2021-04-26,0.6493433395872421,0.6504690431519701
2021-04-27,0.6604127579737337,0.627767354596623
2021-04-28,0.6467166979362102,0.6136960600375236
2021-04-29,0.6138836772983115,0.6204502814258913
2021-04-30,0.5926829268292684,0.5911819887429645
2021-05-03,0.5589118198874298,0.5564727954971858
2021-05-04,0.5212007504690432,0.5275797373358351
2021-05-05,0.5129455909943715,0.5045028142589119
2021-05-06,0.4870544090056285,0.4793621013133209
2021-05-07,0.45234521575984993,0.46510318949343343
2021-05-10,0.3891181988742965,0.4067542213883678
2021-05-11,0.4121951219512196,0.4761726078799251
2021-05-12,0.4904315196998124,0.4900562851782365
2021-05-13,0.4870544090056285,0.4883677298311445
2021-05-14,0.5181988742964354,0.5084427767354598
2021-05-17,0.5181988742964354,0.4958724202626643
2021-05-18,0.5161350844277673,0.4658536585365854
2021-05-19,0.5322701688555348,0.5168855534709194
2021-05-20,0.5208255159474673,0.5245778611632271
2021-05-21,0.5058161350844278,0.5035647279549719
2021-05-24,0.4966228893058163,0.5221388367729831
2021-05-25,0.47354596622889317,0.500187617260788
2021-05-26,0.4737335834896811,0.4874296435272046
2021-05-27,0.5116322701688556,0.451219512195122
2021-05-28,0.5138836772983115,0.4684803001876173
2021-05-31,0.5287054409005629,0.4996247654784241
2021-06-01,0.5358348968105066,0.4722326454033771
2021-06-02,0.5508442776735462,0.4900562851782365
2021-06-03,0.551219512195122,0.5030018761726079
2021-06-04,0.5688555347091934,0.5328330206378987
2021-06-07,0.5859287054409007,0.5382739212007505
2021-06-08,0.5694183864915573,0.529080675422139
2021-06-09,0.5750469043151971,0.5181988742964354
2021-06-10,0.5555347091932459,0.46791744840525334
2021-06-11,0.6000000000000001,0.5091932457786118
2021-06-14,0.6345215759849907,0.526829268292683
2021-06-15,0.6097560975609757,0.5320825515947468
2021-06-16,0.6384615384615385,0.5763602251407131
2021-06-17,0.5855534709193246,0.5881801125703565
2021-06-18,0.6039399624765479,0.5885553470919326
2021-06-21,0.5870544090056287,0.5660412757973734
2021-06-22,0.4870544090056285,0.6028142589118201
2021-06-23,0.5067542213883677,0.6155722326454034
2021-06-24,0.5228893058161351,0.6159474671669795
2021-06-25,0.5397748592870545,0.6217636022514073
2021-06-28,0.5692307692307693,0.627767354596623
2021-06-29,0.5789868667917448,0.6302063789868669
2021-06-30,0.5887429643527206,0.6514071294559101
2021-07-01,0.5422138836772984,0.6568480300187618
2021-07-02,0.48986866791744843,0.6804878048780489
2021-07-05,0.5298311444652909,0.7219512195121951
2021-07-06,0.49549718574108825,0.7016885553470921
2021-07-07,0.42757973733583493,0.6502814258911822
2021-07-08,0.350656660412758,0.6337711069418387
2021-07-09,0.3397748592870544,0.6335834896810508
2021-07-12,0.32176360225140715,0.6392120075046905
2021-07-13,0.2645403377110695,0.5742964352720451
2021-07-14,0.21913696060037527,0.5251407129455912
2021-07-15,0.1420262664165103,0.46097560975609764
2021-07-16,0.15515947467166982,0.4371482176360226
2021-07-19,0.14033771106941842,0.4208255159474672
2021-07-20,0.13133208255159476,0.44033771106941844
2021-07-21,0.1103189493433396,0.4851782363977487
2021-07-22,0.08968105065666042,0.4891181988742965
2021-07-23,0.09924953095684805,0.5093808630393997
2021-07-26,0.1103189493433396,0.4748592870544091
2021-07-27,0.10675422138836774,0.40731707317073174
2021-07-28,0.1478424015009381,0.45797373358348975
2021-07-29,0.14333958724202628,0.4589118198874297
2021-07-30,0.1607879924953096,0.43245778611632274
2021-08-02,0.13470919324577862,0.48592870544090067
2021-08-03,0.12082551594746718,0.4748592870544091
2021-08-04,0.15403377110694186,0.4932457786116323
2021-08-05,0.1960600375234522,0.5439024390243903
2021-08-06,0.22908067542213886,0.5135084427767356
2021-08-09,0.23470919324577863,0.46078799249530966
2021-08-10,0.2679174484052533,0.4722326454033771
2021-08-11,0.24108818011257038,0.4123827392120076
2021-08-12,0.2979362101313321,0.3343339587242027
2021-08-13,0.3397748592870544,0.3495309568480301
2021-08-16,0.3249530956848031,0.2943714821763603
2021-08-17,0.36547842401500946,0.27617260787992504
2021-08-18,0.37542213883677306,0.225515947467167
2021-08-19,0.37917448405253285,0.250656660412758
2021-08-20,0.4123827392120076,0.2739212007504691
2021-08-23,0.35084427767354603,0.29418386491557225
2021-08-24,0.35422138836772993,0.3375234521575985
2021-08-25,0.36979362101313323,0.34690431519699816
2021-08-26,0.38836772983114454,0.3228893058161351
2021-08-27,0.4298311444652909,0.2795497185741088
2021-08-30,0.3904315196998124,0.23545966228893062
2021-08-31,0.4118198874296436,0.2572232645403377
2021-09-01,0.4354596622889307,0.29324577861163226
2021-09-02,0.4493433395872421,0.30750469043151973
2021-09-03,0.44896810506566615,0.302251407129456
2021-09-06,0.43771106941838656,0.3529080675422139
2021-09-07,0.48630393996247656,0.3848030018761727
2021-09-08,0.451031894934334,0.44033771106941844
2021-09-09,0.4671669793621014,0.451031894934334
2021-09-10,0.4497185741088181,0.4371482176360226
2021-09-13,0.44296435272045026,0.4425891181988743
2021-09-14,0.4078799249530957,0.40506566604127586
2021-09-15,0.4045028142589118,0.4176360225140714
2021-09-16,0.4103189493433396,0.4106941838649156
2021-09-17,0.402063789868668,0.4206378986866792
2021-09-20,0.4103189493433396,0.47448405253283304
2021-09-21,0.44953095684803007,0.5217636022514073
2021-09-22,0.4384615384615385,0.49512195121951236
2021-09-23,0.4482176360225142,0.5228893058161351
2021-09-24,0.4482176360225142,0.4585365853658537
2021-09-27,0.5232645403377112,0.4885553470919326
2021-09-28,0.5992495309568481,0.49699812382739217
2021-09-29,0.6195121951219512,0.48780487804878064
2021-09-30,0.6412757973733584,0.4662288930581614
2021-10-01,0.6450281425891183,0.49512195121951236
2021-10-04,0.6502814258911822,0.5879924953095685
2021-10-05,0.6634146341463415,0.6088180112570358
2021-10-06,0.6818011257035649,0.6335834896810508
2021-10-07,0.6752345215759851,0.6410881801125705
2021-10-08,0.6733583489681052,0.6202626641651032
2021-10-11,0.6735459662288931,0.6891181988742965
2021-10-12,0.6849906191369607,0.6966228893058163
2021-10-13,0.676360225140713,0.6954971857410882
2021-10-14,0.6930581613508443,0.6801125703564729
2021-10-15,0.6883677298311446,0.6463414634146342
2021-10-18,0.6919324577861163,0.6439024390243904
2021-10-19,0.6992495309568482,0.6146341463414635
2021-10-20,0.6906191369606004,0.576547842401501
2021-10-21,0.6883677298311446,0.5709193245778612
2021-10-22,0.6893058161350845,0.5848030018761726
2021-10-25,0.6891181988742965,0.5954971857410883
2021-10-26,0.6570356472795498,0.5859287054409007
2021-10-27,0.6478424015009381,0.5705440900562854
2021-10-28,0.6099437148217637,0.5572232645403378
2021-10-29,0.5861163227016887,0.5583489681050657
2021-11-01,0.5632270168855537,0.5215759849906193
2021-11-02,0.5722326454033773,0.5054409005628518
2021-11-03,0.6213883677298312,0.5487804878048781
2021-11-04,0.627204502814259,0.5168855534709194
2021-11-05,0.6146341463414635,0.5228893058161351
2021-11-08,0.6031894934333959,0.5112570356472796
2021-11-09,0.628517823639775,0.5097560975609756
2021-11-10,0.6131332082551596,0.5101313320825517
2021-11-11,0.578611632270169,0.4737335834896811
2021-11-12,0.554033771106942,0.5181988742964354
2021-11-15,0.5983114446529081,0.5405253283302065
2021-11-16,0.6056285178236398,0.5275797373358351
2021-11-17,0.6362101313320826,0.5377110694183865
2021-11-18,0.6829268292682927,0.5705440900562854
2021-11-19,0.6339587242026267,0.5722326454033773
2021-11-22,0.6230769230769231,0.5422138836772984
2021-11-23,0.6621013133208257,0.5846153846153848
2021-11-24,0.5493433395872421,0.5080675422138837
2021-11-25,0.5630393996247656,0.5288930581613509
2021-11-26,0.5697936210131334,0.5288930581613509
2021-11-29,0.5686679174484054,0.43977485928705445
2021-11-30,0.5326454033771107,0.3624765478424016
2021-12-01,0.5266416510318951,0.2938086303939963
2021-12-02,0.5392120075046906,0.3088180112570357
2021-12-03,0.5418386491557223,0.34465290806754223
2021-12-06,0.5437148217636023,0.3437148217636023
2021-12-07,0.5212007504690432,0.3382739212007505
2021-12-08,0.5189493433395873,0.31744840525328333
2021-12-09,0.49437148217636023,0.2780487804878049
2021-12-10,0.4701688555347093,0.2908067542213884
2021-12-13,0.44484052532833024,0.2908067542213884
2021-12-14,0.36435272045028144,0.24690431519699815
2021-12-15,0.3628517823639775,0.2352720450281426
2021-12-16,0.3851782363977487,0.2527204502814259
2021-12-17,0.4193245778611633,0.29324577861163226
2021-12-20,0.43733583489681055,0.2919324577861164
2021-12-21,0.46641651031894943,0.31688555347091935
2021-12-22,0.46791744840525334,0.32570356472795503
2021-12-23,0.49455909943714826,0.32589118198874306
2021-12-27,0.4851782363977487,0.325328330206379
2021-12-28,0.4424015009380864,0.32720450281425895
2021-12-29,0.42795497185741094,0.31575984990619144
2021-12-30,0.4172607879924954,0.28724202626641654
2021-12-31,0.3682926829268293,0.25403377110694186
2022-01-03,0.34033771106941846,0.23001876172607882
2022-01-04,0.3495309568480301,0.20450281425891187
2022-01-05,0.33733583489681057,0.21632270168855536
2022-01-06,0.35684803001876175,0.24315196998123828
2022-01-07,0.3538461538461539,0.26097560975609757
2022-01-10,0.37879924953095684,0.2849906191369606
2022-01-11,0.3463414634146342,0.26172607879924953
2022-01-12,0.29699812382739216,0.25121951219512195
2022-01-13,0.27073170731707324,0.20844277673545966
2022-01-14,0.2568480300187618,0.1953095684803002
2022-01-17,0.276547842401501,0.14183864915572234
2022-01-18,0.22476547842401504,0.13771106941838654
2022-01-19,0.27223264540337716,0.13883677298311448
2022-01-20,0.3150093808630395,0.1307692307692308
2022-01-21,0.2784240150093809,0.11219512195121951
2022-01-24,0.2915572232645404,0.1555347091932458
2022-01-25,0.3545966228893059,0.27185741088180115
2022-01-26,0.3885553470919325,0.3240150093808631
2022-01-27,0.4386491557223265,0.4058161350844278
2022-01-28,0.46772983114446537,0.4135084427767355
2022-01-31,0.4981238273921202,0.4052532833020638
2022-02-01,0.4947467166979363,0.400562851782364
2022-02-02,0.5106941838649157,0.3988742964352721
2022-02-03,0.5240150093808631,0.41651031894934337
2022-02-04,0.5195121951219512,0.4170731707317074
2022-02-07,0.5195121951219512,0.3746716697936211
2022-02-08,0.5251407129455912,0.38799249530956853
2022-02-09,0.5818011257035648,0.4367729831144466
2022-02-10,0.5917448405253285,0.41200750469043157
2022-02-11,0.5816135084427768,0.42701688555347095
2022-02-14,0.6069418386491559,0.4223264540337711
2022-02-15,0.6052532833020638,0.477673545966229
2022-02-16,0.5836772983114447,0.4793621013133209
2022-02-17,0.5699812382739212,0.4718574108818012
2022-02-18,0.4917448405253284,0.451031894934334
2022-02-21,0.5116322701688556,0.3560975609756098
2022-02-22,0.5277673545966229,0.3575984990619137
2022-02-23,0.49493433395872427,0.31744840525328333
2022-02-24,0.500562851782364,0.33001876172607886
2022-02-25,0.5101313320825517,0.34296435272045034
2022-02-28,0.5240150093808631,0.3210131332082552
2022-03-01,0.4838649155722327,0.35572232645403384
2022-03-02,0.4589118198874297,0.3384615384615385
2022-03-03,0.4818011257035648,0.2799249530956849
2022-03-04,0.4962476547842402,0.3298311444652908
2022-03-07,0.47898686679174485,0.3592870544090057
2022-03-08,0.4960600375234523,0.35140712945590996
2022-03-09,0.503189493433396,0.3251407129455911
2022-03-10,0.48461538461538467,0.3418386491557224
2022-03-11,0.48255159474671677,0.34784240150093815
2022-03-14,0.5212007504690432,0.3645403377110695
2022-03-15,0.5414634146341465,0.31332082551594753
2022-03-16,0.526454033771107,0.2844277673545967
2022-03-17,0.5163227016885554,0.2774859287054409
2022-03-18,0.5114446529080676,0.2686679174484053
2022-03-21,0.4964352720450282,0.22945590994371484
2022-03-22,0.4742964352720451,0.2043151969981239
2022-03-23,0.47542213883677314,0.2684803001876173
2022-03-24,0.46078799249530966,0.30581613508442784
2022-03-25,0.45422138836772985,0.30750469043151973
2022-03-28,0.43808630393996256,0.28424015009380865
2022-03-29,0.4797373358348968,0.3035647279549719
2022-03-30,0.4750469043151971,0.31482176360225145
2022-03-31,0.5144465290806755,0.3452157598499062
2022-04-01,0.5502814258911821,0.3855534709193247
2022-04-04,0.5634146341463415,0.4185741088180113
2022-04-05,0.5928705440900564,0.3838649155722327
2022-04-06,0.5906191369606004,0.3495309568480301
2022-04-07,0.6007504690431521,0.36679174484052535
2022-04-08,0.6180112570356473,0.3810506566604128
2022-04-11,0.6377110694183865,0.3637898686679175
2022-04-12,0.6559099437148219,0.3797373358348969
2022-04-13,0.6639774859287055,0.34784240150093815
2022-04-14,0.6853658536585365,0.28968105065666044
2022-04-18,0.6921200750469045,0.27673545966228896
2022-04-19,0.6744840525328332,0.36228893058161354
2022-04-20,0.6634146341463415,0.33583489681050666
2022-04-21,0.6632270168855535,0.34465290806754223
2022-04-22,0.6352720450281427,0.29587242026266425
2022-04-25,0.6452157598499063,0.2909943714821764
2022-04-26,0.5727954971857412,0.2105065666041276
2022-04-27,0.5932457786116324,0.2868667917448406
2022-04-28,0.5686679174484054,0.2780487804878049
2022-04-29,0.5480300187617262,0.3726078799249531
2022-05-02,0.5133208255159475,0.40187617260787994
2022-05-03,0.5125703564727955,0.34540337711069424
2022-05-04,0.5212007504690432,0.29324577861163226
2022-05-05,0.41801125703564734,0.23339587242026272
2022-05-06,0.452157598499062,0.26191369606003756
2022-05-09,0.48011257035647287,0.28724202626641654
2022-05-10,0.46885553470919333,0.32682926829268294
2022-05-11,0.49512195121951236,0.3495309568480301
2022-05-12,0.5499061913696061,0.4086303939962478
2022-05-13,0.5596622889305818,0.4337711069418387
2022-05-16,0.5679174484052534,0.40187617260787994
2022-05-17,0.579737335834897,0.40337711069418386
2022-05-18,0.5816135084427768,0.3887429643527205
2022-05-19,0.576547842401501,0.3872420262664166
2022-05-20,0.5557223264540337,0.37992495309568486
2022-05-23,0.5733583489681051,0.3694183864915573
2022-05-24,0.5714821763602252,0.3741088180112571
2022-05-25,0.526829268292683,0.3442776735459663
2022-05-26,0.5176360225140713,0.32176360225140715
2022-05-27,0.4887429643527205,0.3035647279549719
2022-05-30,0.45009380863039405,0.27204502814258913
2022-05-31,0.40881801125703565,0.25797373358348974
2022-06-01,0.3660412757973734,0.2232645403377111
2022-06-02,0.3692307692307693,0.2183864915572233
2022-06-03,0.36960600375234526,0.22382739212007505
2022-06-06,0.3183864915572233,0.20187617260787993
2022-06-07,0.29268292682926833,0.2684803001876173
2022-06-08,0.32213883677298316,0.29212007504690435
2022-06-09,0.300750469043152,0.2966228893058162
2022-06-10,0.27636022514071296,0.2613508442776736
2022-06-13,0.38348968105065667,0.31632270168855536
2022-06-14,0.3921200750469044,0.35553470919324587
2022-06-15,0.3660412757973734,0.35403377110694184
2022-06-16,0.39080675422138844,0.34765478424015017
2022-06-17,0.3891181988742965,0.35028142589118205
2022-06-20,0.32251407129455917,0.2731707317073171
2022-06-21,0.32795497185741096,0.3294559099437149
2022-06-22,0.2675422138836773,0.2684803001876173
2022-06-23,0.325328330206379,0.25666041275797374
2022-06-24,0.3562851782363978,0.2581613508442777
2022-06-27,0.35741088180112573,0.2724202626641651
2022-06-28,0.3440900562851783,0.25853658536585367
2022-06-29,0.3116322701688556,0.2433395872420263
2022-06-30,0.36135084427767356,0.3125703564727955
2022-07-01,0.34465290806754223,0.3052532833020638
2022-07-04,0.27279549718574114,0.23170731707317077
2022-07-05,0.35778611632270174,0.20975609756097563
2022-07-06,0.36529080675422143,0.18949343339587246
2022-07-07,0.3529080675422139,0.1607879924953096
2022-07-08,0.4196998123827393,0.13170731707317074
2022-07-11,0.4101313320825517,0.15647279549718576
2022-07-12,0.36960600375234526,0.16022514071294564
2022-07-13,0.39268292682926836,0.0953095684803002
2022-07-14,0.350656660412758,0.10881801125703565
2022-07-15,0.3418386491557224,0.09962476547842404
2022-07-18,0.3097560975609756,0.14090056285178237
2022-07-19,0.35572232645403384,0.14409005628517826
2022-07-20,0.3904315196998124,0.1279549718574109
2022-07-21,0.375984990619137,0.11463414634146342
2022-07-22,0.4166979362101314,0.13789868667917451
2022-07-25,0.45272045028142593,0.1652908067542214
2022-07-26,0.4885553470919326,0.19718574108818013
2022-07-27,0.4341463414634147,0.2056285178236398
2022-07-28,0.4365853658536586,0.19230769230769232
2022-07-29,0.4367729831144466,0.19136960600375236
2022-08-01,0.403189493433396,0.20975609756097563
2022-08-02,0.39099437148217636,0.18105065666041278
2022-08-03,0.3855534709193247,0.16060037523452161
2022-08-04,0.42739212007504696,0.1857410881801126
2022-08-05,0.44727954971857414,0.2283302063789869
2022-08-08,0.3585365853658537,0.1604127579737336
2022-08-09,0.37354596622889313,0.16660412757973736
2022-08-10,0.3287054409005629,0.25647279549718577
2022-08-11,0.2829268292682927,0.21200750469043156
2022-08-12,0.2879924953095685,0.22795497185741093
2022-08-15,0.35196998123827394,0.34821763602251415
2022-08-16,0.375234521575985,0.3833020637898687
2022-08-17,0.32026266416510324,0.400562851782364
2022-08-18,0.27035647279549724,0.37242026266416517
2022-08-19,0.2786116322701689,0.3536585365853659
2022-08-22,0.2183864915572233,0.3602251407129456
2022-08-23,0.12176360225140713,0.3440900562851783
2022-08-24,0.14502814258911823,0.3275797373358349
2022-08-25,0.1133208255159475,0.32682926829268294
2022-08-26,0.11425891181988744,0.2206378986866792
2022-08-29,0.15159474671669798,0.3028142589118199
2022-08-30,0.07729831144465292,0.24896810506566605
2022-08-31,0.04183864915572233,0.2801125703564728
2022-09-01,0.039962476547842414,0.2814258911819888
2022-09-02,0.019699812382739212,0.29906191369606006
2022-09-05,0.01632270168855535,0.2043151969981239
2022-09-06,0.05928705440900564,0.21482176360225144
2022-09-07,0.10075046904315198,0.16791744840525333
2022-09-08,0.056848030018761736,0.1407129455909944
2022-09-09,0.056285178236397754,0.15666041275797377
2022-09-12,0.075046904315197,0.1127579737335835
2022-09-13,0.14502814258911823,0.05891181988742965
2022-09-14,0.15084427767354597,0.056285178236397754
2022-09-15,0.15440900562851784,0.05196998123827393
2022-09-16,0.11163227016885555,0.0425891181988743
2022-09-19,0.09981238273921203,0.04033771106941839
2022-09-20,0.04671669793621014,0.009568480300187619
2022-09-21,0.0652908067542214,0.024202626641651036
2022-09-22,0.13208255159474674,0.08086303939962479
2022-09-23,0.12851782363977488,0.11069418386491559
2022-09-26,0.21407129455909946,0.11388367729831146
2022-09-27,0.23733583489681054,0.13245778611632272
2022-09-28,0.27485928705440904,0.16191369606003755
2022-09-29,0.21726078799249532,0.12908067542213886
2022-09-30,0.2392120075046905,0.15647279549718576
2022-10-03,0.3091932457786117,0.1630393996247655
2022-10-04,0.3110694183864916,0.18405253283302067
2022-10-05,0.3332082551594747,0.16866791744840529
2022-10-06,0.3673545966228894,0.2078799249530957
2022-10-07,0.3339587242026267,0.1853658536585366
2022-10-10,0.30093808630394,0.15853658536585366
2022-10-11,0.2666041275797374,0.13114446529080678
2022-10-12,0.24315196998123828,0.09774859287054409
2022-10-13,0.275984990619137,0.017636022514071297
2022-10-14,0.32776735459662293,0.0577861163227017
2022-10-17,0.3662288930581614,0.03377110694183865
2022-10-18,0.41482176360225154,-0.03395872420262664
2022-10-19,0.40731707317073174,-0.0525328330206379
2022-10-20,0.37823639774859297,-0.02213883677298312
2022-10-21,0.3305816135084428,0.0476547842401501
2022-10-24,0.3748592870544091,0.0926829268292683
2022-10-25,0.4168855534709193,0.1553470919324578
2022-10-26,0.4097560975609757,0.15497185741088182
2022-10-27,0.4476547842401501,0.1851782363977486
2022-10-28,0.4225140712945592,0.17335834896810506
2022-10-31,0.4410881801125704,0.20600375234521578
2022-11-01,0.48536585365853663,0.12288930581613511
2022-11-02,0.49136960600375235,0.175609756097561
2022-11-03,0.5133208255159475,0.21988742964352723
2022-11-04,0.525328330206379,0.13864915572232647
2022-11-07,0.5439024390243903,0.10469043151969983
2022-11-08,0.48649155722326465,0.16716697936210134
2022-11-09,0.5215759849906193,0.13489681050656663
2022-11-10,0.523639774859287,0.13639774859287057
2022-11-11,0.5311444652908068,0.08030018761726081
2022-11-14,0.5393996247654785,0.10243902439024392
2022-11-15,0.5921200750469044,0.125703564727955
2022-11-16,0.5859287054409007,0.08949343339587243
2022-11-17,0.523639774859287,0.15121951219512195
2022-11-18,0.499437148217636,0.10318949343339588
2022-11-21,0.45403377110694193,0.07936210131332083
2022-11-22,0.4320825515947468,0.12757973733583491
2022-11-23,0.4476547842401501,0.15647279549718576
2022-11-24,0.5534709193245779,0.2632270168855535
2022-11-25,0.5789868667917448,0.31763602251407136
2022-11-28,0.5590994371482176,0.300750469043152
2022-11-29,0.5885553470919326,0.350656660412758
2022-11-30,0.6031894934333959,0.3861163227016886
2022-12-01,0.5799249530956848,0.3656660412757974
2022-12-02,0.5825515947467168,0.3945590994371483
2022-12-05,0.5939962476547843,0.4212007504690432
2022-12-06,0.5893058161350845,0.400562851782364
2022-12-07,0.5675422138836773,0.38893058161350846
2022-12-08,0.5144465290806755,0.4684803001876173
2022-12-09,0.4741088180112571,0.42382739212007514
2022-12-12,0.45703564727954976,0.45966228893058164
2022-12-13,0.4632270168855535,0.3891181988742965
2022-12-14,0.44352720450281435,0.40600375234521585
2022-12-15,0.4223264540337711,0.36116322701688564
2022-12-16,0.32682926829268294,0.326078799249531
2022-12-19,0.27279549718574114,0.28030018761726083
2022-12-20,0.28855534709193253,0.2780487804878049
2022-12-21,0.2690431519699813,0.2437148217636023
2022-12-22,0.26735459662288935,0.1812382739212008
2022-12-23,0.21688555347091934,0.16135084427767357
2022-12-27,0.19831144465290812,0.16998123827392123
2022-12-28,0.19568480300187618,0.17448405253283306
2022-12-29,0.25984990619136966,0.15628517823639776
2022-12-30,0.24953095684803006,0.17166979362101317
2023-01-03,0.2874296435272045,0.21951219512195125
2023-01-04,0.26210131332082554,0.2590994371482177
2023-01-05,0.2363977485928706,0.24465290806754228
2023-01-06,0.16341463414634147,0.21744840525328332
2023-01-09,0.15891181988742967,0.20544090056285183
2023-01-10,0.1153846153846154,0.19024390243902442
2023-01-11,0.08911819887429645,0.23996247654784245
2023-01-12,0.13677298311444655,0.15347091932457788
2023-01-13,0.08949343339587243,0.1555347091932458
2023-01-16,0.1056285178236398,0.13377110694183866
2023-01-17,0.08874296435272047,0.14015009380863042
2023-01-18,0.029455909943714824,0.16510318949343342
2023-01-19,0.027204502814258912,0.18067542213883678
2023-01-20,-0.003939962476547843,0.20093808630393997
2023-01-23,-0.01857410881801126,0.12382739212007506
2023-01-24,0.07617260787992497,0.10712945590994372
2023-01-25,0.07204502814258913,0.1181988742964353
2023-01-26,0.054409005628517824,0.08142589118198876
2023-01-27,0.12363977485928707,0.0851782363977486
2023-01-30,0.16153846153846155,0.07467166979362101
2023-01-31,0.14165103189493433,0.12026266416510321
2023-02-01,0.16660412757973736,0.11594746716697937
2023-02-02,0.17410881801125708,0.13452157598499065
2023-02-03,0.23227016885553473,0.1876172607879925
2023-02-06,0.2641651031894935,0.16135084427767357
2023-02-07,0.2660412757973734,0.15046904315197
2023-02-08,0.2632270168855535,0.16679174484052536
2023-02-09,0.23621013133208257,0.2110694183864916
2023-02-10,0.22138836772983117,0.20994371482176363
2023-02-13,0.2356472795497186,0.19474671669793622
2023-02-14,0.2771106941838649,0.17973733583489682
2023-02-15,0.2801125703564728,0.13921200750469045
2023-02-16,0.28311444652908074,0.15797373358348968
2023-02-17,0.29699812382739216,0.14934333958724202
2023-02-20,0.3067542213883678,0.175609756097561
2023-02-21,0.31313320825515956,0.15628517823639776
2023-02-22,0.33208255159474676,0.13433395872420265
2023-02-23,0.3335834896810507,0.14915572232645405
2023-02-24,0.2908067542213884,0.1977485928705441
2023-02-27,0.26491557223264545,0.17016885553470923
2023-02-28,0.21444652908067546,0.12101313320825517
2023-03-01,0.16697936210131334,0.0906191369606004
2023-03-02,0.1632270168855535,0.0375234521575985
2023-03-03,0.18217636022514072,0.07317073170731708
2023-03-06,0.15422138836772986,0.11181988742964354
2023-03-07,0.15891181988742967,0.10393996247654785
2023-03-08,0.20675422138836774,0.08311444652908069
2023-03-09,0.1407129455909944,0.16848030018761728
2023-03-10,0.2112570356472796,0.18836772983114447
2023-03-13,0.26078799249530965,0.27673545966228896
2023-03-14,0.2889305816135085,0.26622889305816144
2023-03-15,0.37542213883677306,0.24127579737335839
2023-03-16,0.3592870544090057,0.2849906191369606
2023-03-17,0.3915572232645404,0.2185741088180113
2023-03-20,0.4082551594746718,0.2532833020637899
2023-03-21,0.3395872420262665,0.21932457786116324
2023-03-22,0.32176360225140715,0.27579737335834903
2023-03-23,0.33264540337711074,0.250844277673546
2023-03-24,0.2724202626641651,0.28330206378986866
2023-03-27,0.23283302063789874,0.2568480300187618
2023-03-28,0.22964352720450282,0.2452157598499062
2023-03-29,0.2043151969981239,0.2313320825515948
2023-03-30,0.25140712945591,0.2602251407129456
2023-03-31,0.18255159474671676,0.1876172607879925
2023-04-03,0.14146341463414636,0.1681050656660413
2023-04-04,0.20731707317073172,0.2185741088180113
2023-04-05,0.250281425891182,0.20600375234521578
2023-04-06,0.2632270168855535,0.21144465290806758
2023-04-07,0.3251407129455911,
2023-04-10,0.25046904315197,0.1930581613508443
2023-04-11,0.2724202626641651,0.1834896810506567
2023-04-12,0.28480300187617263,0.19418386491557227
2023-04-13,0.31575984990619144,0.21651031894934336
2023-04-14,0.34709193245778613,0.17354596622889307
2023-04-17,0.35984990619136964,0.18461538461538465
2023-04-18,0.3461538461538462,0.12814258911819887
2023-04-19,0.3333958724202627,0.18649155722326455
2023-04-20,0.3165103189493434,0.19906191369606008
2023-04-21,0.3095684803001877,0.1988742964352721
2023-04-24,0.34127579737335845,0.19024390243902442
2023-04-25,0.3236397748592871,0.2157598499061914
2023-04-26,0.33789868667917455,0.16360225140712947
2023-04-27,0.3377110694183865,0.15872420262664166
2023-04-28,0.3332082551594747,0.19568480300187618
2023-05-01,0.3091932457786117,0.22701688555347097
2023-05-02,0.325328330206379,0.1984990619136961
2023-05-03,0.3335834896810507,0.1853658536585366
2023-05-04,0.3352720450281426,0.14690431519699815
2023-05-05,0.2679174484052533,0.15478424015009384
2023-05-08,0.21200750469043156,0.1133208255159475
2023-05-09,0.16153846153846155,0.1133208255159475
2023-05-10,0.14371482176360226,0.07410881801125704
2023-05-11,0.09587242026266417,0.08105065666041278
2023-05-12,0.06735459662288931,0.01200750469043152
2023-05-15,-0.0005628517823639776,0.02213883677298312
2023-05-16,-0.003564727954971858,0.005628517823639775
2023-05-17,0.01632270168855535,0.014446529080675424
2023-05-18,-0.01557223264540338,-0.03658536585365854
2023-05-19,-0.07973733583489682,-0.08742964352720452
2023-05-22,-0.1936210131332083,-0.11238273921200752
2023-05-23,-0.17729831144465294,-0.16003752345215763
2023-05-24,-0.21294559099437152,-0.13377110694183866
2023-05-25,-0.15722326454033772,-0.09512195121951221
2023-05-26,-0.15365853658536588,-0.0626641651031895
2023-05-29,-0.20731707317073172,-0.12645403377110695
2023-05-30,-0.2600375234521577,-0.14108818011257038
2023-05-31,-0.23714821763602256,-0.14108818011257038
2023-06-01,-0.24240150093808632,-0.07598499061913698
2023-06-02,-0.2427767354596623,-0.11106941838649158
2023-06-05,-0.21444652908067546,-0.11238273921200752
2023-06-06,-0.20844277673545966,-0.10375234521575986
2023-06-07,-0.18086303939962475,-0.10956848030018763
2023-06-08,-0.21144465290806758,-0.13545966228893058
2023-06-09,-0.21275797373358352,-0.1532833020637899
2023-06-12,-0.20018761726078801,-0.16923076923076924
2023-06-13,-0.13151969981238276,-0.16510318949343342
2023-06-14,-0.11894934333958726,-0.22363977485928707
2023-06-15,-0.11594746716697937,-0.1876172607879925
2023-06-16,-0.08499061913696061,-0.17748592870544094
2023-06-19,-0.1050656660412758,-0.16153846153846155
2023-06-20,-0.11894934333958726,-0.20393996247654786
2023-06-21,-0.15572232645403378,-0.21350844277673547
2023-06-22,-0.15347091932457788,-0.21594746716697938
2023-06-23,-0.1105065666041276,-0.2326454033771107
2023-06-26,-0.054221388367729835,-0.25703564727954975
2023-06-27,-0.030769230769230774,-0.25121951219512195
2023-06-28,-0.021013133208255163,-0.22532833020637902
2023-06-29,-0.07560975609756097,-0.1932457786116323
2023-06-30,-0.04427767354596624,-0.23414634146341468
2023-07-03,-0.03639774859287055,-0.21088180112570362
2023-07-04,0.06060037523452158,-0.22363977485928707
2023-07-05,0.04634146341463415,-0.22439024390243903
2023-07-06,0.04615384615384616,-0.20300187617260793
2023-07-07,0.06153846153846155,-0.19193245778611634
2023-07-10,0.09793621013133211,-0.1812382739212008
2023-07-11,0.1105065666041276,-0.1879924953095685
2023-07-12,0.15647279549718576,-0.1532833020637899
2023-07-13,0.13733583489681053,-0.0953095684803002
2023-07-14,0.14878048780487807,-0.06228893058161352
2023-07-17,0.225703564727955,-0.006378986866791747
2023-07-18,0.27204502814258913,0.05966228893058162
2023-07-19,0.32232645403377114,0.11106941838649158
2023-07-20,0.3307692307692308,0.1726078799249531
2023-07-21,0.33208255159474676,0.13414634146341467
2023-07-24,0.3977485928705442,0.20956848030018765
2023-07-25,0.400562851782364,0.2741088180112571
2023-07-26,0.3457786116322702,0.24315196998123828
2023-07-27,0.39305816135084437,0.226078799249531
2023-07-28,0.39230769230769236,0.2705440900562852
2023-07-31,0.37392120075046914,0.24671669793621018
2023-08-01,0.3784240150093809,0.250281425891182
2023-08-02,0.4099437148217636,0.33489681050656667
2023-08-03,0.44878048780487806,0.3337711069418387
2023-08-04,0.4690431519699813,0.3780487804878049
2023-08-07,0.4722326454033771,0.3891181988742965
2023-08-08,0.41651031894934337,0.4401500938086304
2023-08-09,0.43808630393996256,0.4457786116322702
2023-08-10,0.42757973733583493,0.4283302063789869
2023-08-11,0.42495309568480305,0.41482176360225154
2023-08-14,0.4566604127579738,0.48630393996247656
2023-08-15,0.5086303939962477,0.5424015009380864
2023-08-16,0.5138836772983115,0.5452157598499062
2023-08-17,0.5103189493433397,0.5660412757973734
2023-08-18,0.48105065666041286,0.5658536585365854
2023-08-21,0.4838649155722327,0.5654784240150095
2023-08-22,0.44953095684803007,0.5469043151969981
2023-08-23,0.4572232645403378,0.5559099437148218
2023-08-24,0.40600375234521585,0.5791744840525329
2023-08-25,0.39681050656660416,0.5609756097560976
2023-08-28,0.376172607879925,0.5356472795497187
2023-08-29,0.3294559099437149,0.46941838649155726
2023-08-30,0.3350844277673547,0.5003752345215761
2023-08-31,0.3525328330206379,0.47560975609756106
2023-09-01,0.32682926829268294,0.43808630393996256
2023-09-04,0.3560975609756098,0.47448405253283304
2023-09-05,0.34690431519699816,0.4797373358348968
2023-09-06,0.299812382739212,0.45741088180112577
2023-09-07,0.26885553470919327,0.4181988742964353
2023-09-08,0.22645403377110698,0.42757973733583493
2023-09-11,0.22439024390243903,0.3960600375234522
2023-09-12,0.1879924953095685,0.37185741088180113
2023-09-13,0.1407129455909944,0.3341463414634147
2023-09-14,0.1176360225140713,0.3037523452157599
2023-09-15,0.13395872420262664,0.2392120075046905
2023-09-18,0.1482176360225141,0.23902439024390246
2023-09-19,0.1711069418386492,0.19043151969981242
2023-09-20,0.2574108818011257,0.2909943714821764
2023-09-21,0.2409005628517824,0.251031894934334
2023-09-22,0.23996247654784245,0.26529080675422145
2023-09-25,0.3084427767354597,0.3195121951219513
2023-09-26,0.34784240150093815,0.3035647279549719
2023-09-27,0.30900562851782365,0.2654784240150094
2023-09-28,0.2988742964352721,0.2857410881801126
2023-09-29,0.32457786116322707,0.18705440900562856
2023-10-02,0.3570356472795498,0.2532833020637899
2023-10-03,0.4202626641651032,0.23227016885553473
2023-10-04,0.46791744840525334,0.20375234521575988
2023-10-05,0.46135084427767364,0.22420262664165103
2023-10-06,0.45609756097560983,0.18986866791744844
2023-10-09,0.4172607879924954,0.13245778611632272
2023-10-10,0.3737335834896811,0.11294559099437151
2023-10-11,0.3956848030018762,0.19493433395872423
2023-10-12,0.4193245778611633,0.20243902439024392
2023-10-13,0.45741088180112577,0.2061913696060038
2023-10-16,0.45797373358348975,0.21519699812382742
2023-10-17,0.48592870544090067,0.17954971857410884
2023-10-18,0.45966228893058164,0.15947467166979365
2023-10-19,0.5123827392120076,0.10637898686679176
2023-10-20,0.5018761726078801,0.08480300187617261
2023-10-23,0.5555347091932459,0.10844277673545967
2023-10-24,0.5619136960600376,0.11613508442776736
2023-10-25,0.5619136960600376,0.13414634146341467
2023-10-26,0.5504690431519701,0.15403377110694186
2023-10-27,0.5457786116322703,0.1397748592870544
2023-10-30,0.5114446529080676,0.11463414634146342
2023-10-31,0.5386491557223265,0.10900562851782367
2023-11-01,0.5487804878048781,0.11482176360225141
2023-11-02,0.6007504690431521,0.07692307692307694
2023-11-03,0.6227016885553472,0.07448405253283302
2023-11-06,0.6157598499061914,0.07429643527204503
2023-11-07,0.6362101313320826,-0.006566604127579738
2023-11-08,0.6658536585365855,0.04052532833020639
2023-11-09,0.6709193245778613,0.07898686679174484
2023-11-10,0.6851782363977488,0.14652908067542217
2023-11-13,0.5849906191369606,0.06622889305816136
2023-11-14,0.5941838649155723,0.09043151969981238
2023-11-15,0.5958724202626642,0.09924953095684805
2023-11-16,0.5463414634146342,0.10243902439024392
2023-11-17,0.5649155722326454,0.16960600375234522
2023-11-20,0.5697936210131334,0.1630393996247655
2023-11-21,0.5560975609756098,0.18630393996247654
2023-11-22,0.554033771106942,0.16378986866791745
2023-11-23,0.5729831144465292,0.22195121951219515
2023-11-24,0.5705440900562854,0.3039399624765479
2023-11-27,0.5245778611632271,0.2583489681050657
2023-11-28,0.5183864915572233,0.2853658536585366
2023-11-29,0.4889305816135085,0.2870544090056285
2023-11-30,0.4960600375234523,0.23545966228893062
2023-12-01,0.48348968105065676,0.2894934333958724
2023-12-04,0.48255159474671677,0.29324577861163226
2023-12-05,0.49136960600375235,0.27879924953095686
2023-12-06,0.45028142589118203,0.2731707317073171
2023-12-07,0.43283302063789875,0.2572232645403377
2023-12-08,0.44690431519699814,0.24652908067542217
2023-12-11,0.3742964352720451,0.23452157598499065
2023-12-12,0.3656660412757974,0.24803001876172615
2023-12-13,0.38780487804878055,0.2883677298311445
2023-12-14,0.39005628517823643,0.27429643527204506
2023-12-15,0.4118198874296436,0.30487804878048785
2023-12-18,0.3971857410881801,0.2789868667917449
2023-12-19,0.40938086303939974,0.3120075046904316
2023-12-20,0.3236397748592871,0.2968105065666042
2023-12-21,0.2684803001876173,0.23470919324577863
2023-12-22,0.19287054409005633,0.200562851782364
2023-12-26,0.16022514071294564,0.13808630393996252
2023-12-27,0.12476547842401503,0.12457786116322704
2023-12-28,0.09399624765478425,0.10675422138836774
2023-12-29,0.07317073170731708,0.09230769230769233
2024-01-02,0.08836772983114449,0.0906191369606004
2024-01-03,0.1103189493433396,0.10262664165103191
2024-01-04,0.11688555347091935,0.14033771106941842
2024-01-05,0.06848030018761728,0.08123827392120077
2024-01-08,0.09849906191369608,0.09324577861163227
2024-01-09,0.009005628517823642,0.12701688555347093
2024-01-10,0.04484052532833021,0.16285178236397752
2024-01-11,0.05609756097560976,0.2281425891181989
2024-01-12,0.06829268292682927,0.23302063789868674
2024-01-15,0.12682926829268296,0.22776735459662292
2024-01-16,0.16360225140712947,0.23302063789868674
2024-01-17,0.13639774859287057,0.24859287054409007
2024-01-18,0.11969981238273922,0.23489681050656663
2024-01-19,0.16153846153846155,0.18930581613508446
2024-01-22,0.09831144465290809,0.20375234521575988
2024-01-23,0.07617260787992497,0.17917448405253283
2024-01-24,0.10131332082551595,0.21463414634146347
2024-01-25,0.11388367729831146,0.1936210131332083
2024-01-26,0.10956848030018763,0.18499061913696063
2024-01-29,0.08480300187617261,0.19155722326454036
2024-01-30,0.10581613508442779,0.2041275797373359
2024-01-31,0.12908067542213886,0.20731707317073172
2024-02-01,0.16454033771106943,0.22420262664165103
2024-02-02,0.19399624765478427,0.2133208255159475
2024-02-05,0.22157598499061917,0.26285178236397755
2024-02-06,0.21463414634146347,0.2898686679174485
2024-02-07,0.22420262664165103,0.2908067542213884
2024-02-08,0.2577861163227017,0.2928705440900563
2024-02-09,0.19549718574108818,0.2587242026266417
2024-02-12,0.1975609756097561,0.250844277673546
2024-02-13,0.12457786116322704,0.1801125703564728
2024-02-14,0.08911819887429645,0.18930581613508446
2024-02-15,0.06116322701688557,0.16566604127579737
2024-02-16,0.10656660412757975,0.1879924953095685
2024-02-19,0.06979362101313322,0.11500938086303941
2024-02-20,0.13039399624765483,0.20393996247654786
2024-02-21,0.15647279549718576,0.20994371482176363
2024-02-22,0.14484052532833022,0.18236397748592875
2024-02-23,0.15159474671669798,0.16735459662288932
2024-02-26,0.09606003752345216,0.12645403377110695
2024-02-27,0.05891181988742965,0.15422138836772986
2024-02-28,0.02082551594746717,0.18217636022514072
2024-02-29,-0.012757973733583493,0.17223264540337713
2024-03-01,-0.08236397748592872,0.1986866791744841
2024-03-04,-0.04652908067542214,0.21444652908067546
2024-03-05,-0.033020637898686686,0.22776735459662292
2024-03-06,0.005065666041275799,0.21669793621013136
2024-03-07,0.08198874296435274,0.2356472795497186
2024-03-08,0.08292682926829269,0.22945590994371484
2024-03-11,0.12851782363977488,0.24671669793621018
2024-03-12,0.09699812382739213,0.22645403377110698
2024-03-13,0.09399624765478425,0.2157598499061914
2024-03-14,0.10206378986866795,0.19737335834896813
2024-03-15,0.09024390243902439,0.23977485928705441
2024-03-18,0.13939962476547843,0.21275797373358352
2024-03-19,0.16435272045028146,0.1726078799249531
2024-03-20,0.13939962476547843,0.16435272045028146
2024-03-21,0.1328330206378987,0.150281425891182
2024-03-22,0.12908067542213886,0.17298311444652908
2024-03-25,0.15046904315197,0.2352720450281426
2024-03-26,0.13433395872420265,0.2463414634146342
2024-03-27,0.14240150093808632,0.1924953095684803
2024-03-28,0.16454033771106943,0.22908067542213886
2024-04-01,0.12270168855534712,0.23170731707317077
2024-04-02,0.12495309568480302,0.22795497185741093
2024-04-03,0.10450281425891184,0.251031894934334
2024-04-04,0.10337711069418387,0.19493433395872423
2024-04-05,0.02382739212007505,0.1851782363977486
2024-04-08,0.07317073170731708,0.21519699812382742
2024-04-09,0.04465290806754222,0.16716697936210134
2024-04-10,0.17166979362101317,0.2155722326454034
2024-04-11,0.21163227016885558,0.21294559099437152
2024-04-12,0.18705440900562856,0.16904315196998126
2024-04-15,0.14727954971857413,0.2061913696060038
2024-04-16,0.16135084427767357,0.25196998123827397
2024-04-17,0.11369606003752347,0.19399624765478427
2024-04-18,0.09737335834896811,0.18105065666041278
2024-04-19,0.1155722326454034,0.226829268292683
2024-04-22,0.13677298311444655,0.23489681050656663
2024-04-23,0.15984990619136966,0.2893058161350845
2024-04-24,0.16210131332082556,0.25046904315197
2024-04-25,0.23996247654784245,0.19549718574108818
2024-04-26,0.2568480300187618,0.21181988742964356
2024-04-29,0.2731707317073171,0.22945590994371484
2024-04-30,0.30487804878048785,0.24709193245778616
2024-05-01,0.3046904315196999,0.21444652908067546
2024-05-02,0.34146341463414637,0.22776735459662292
2024-05-03,0.26191369606003756,0.22176360225140718
2024-05-06,0.26041275797373364,0.19399624765478427
2024-05-07,0.26191369606003756,0.24127579737335839
2024-05-08,0.2909943714821764,0.21613508442776738
2024-05-09,0.3472795497185742,0.2227016885553471
2024-05-10,0.32457786116322707,0.21594746716697938
2024-05-13,0.36097560975609755,0.24352720450281426
2024-05-14,0.4112570356472796,0.2547842401500938
2024-05-15,0.43020637898686687,0.2744840525328331
2024-05-16,0.4210131332082552,0.28611632270168863
2024-05-17,0.40600375234521585,0.3287054409005629
2024-05-20,0.4116322701688556,0.31763602251407136
2024-05-21,0.450844277673546,0.34840525328330213
2024-05-22,0.5022514071294559,0.3707317073170732
2024-05-23,0.46641651031894943,0.4142589118198875
2024-05-24,0.450844277673546,0.4078799249530957
2024-05-27,0.45590994371482185,0.3872420262664166
2024-05-28,0.476735459662289,0.3602251407129456
2024-05-29,0.45797373358348975,0.36003752345215767
2024-05-30,0.4780487804878049,0.41257035647279555
2024-05-31,0.47448405253283304,0.44484052532833024
2024-06-03,0.426829268292683,0.46097560975609764
2024-06-04,0.39437148217636026,0.5071294559099437
2024-06-05,0.3662288930581614,0.5287054409005629
2024-06-06,0.38198874296435276,0.5317073170731708
2024-06-07,0.4298311444652909,0.5527204502814259
2024-06-10,0.45553470919324585,0.5307692307692309
2024-06-11,0.451969981238274,0.5228893058161351
2024-06-12,0.46303939962476554,0.5136960600375235
2024-06-13,0.4842401500938087,0.5373358348968106
2024-06-14,0.4440900562851783,0.5000000000000001
2024-06-17,0.4300187617260789,0.43808630393996256
2024-06-18,0.4000000000000001,0.3690431519699813
2024-06-19,0.42926829268292693,0.3973733583489682
2024-06-20,0.403189493433396,0.3673545966228894
2024-06-21,0.375234521575985,0.3071294559099437
2024-06-24,0.38048780487804884,0.3341463414634147
2024-06-25,0.31988742964352723,0.3101313320825516
2024-06-26,0.2913696060037524,0.31819887429643534
2024-06-27,0.2574108818011257,0.28855534709193253
2024-06-28,0.23977485928705441,0.2883677298311445
2024-07-01,0.2784240150093809,0.3649155722326454
2024-07-02,0.2915572232645404,0.36772983114446534
2024-07-03,0.2771106941838649,0.3994371482176361
2024-07-04,0.3082551594746717,0.4311444652908068
2024-07-05,0.3315196998123828,0.45797373358348975
2024-07-08,0.3356472795497186,0.46679174484052544
2024-07-09,0.2452157598499062,0.44484052532833024
2024-07-10,0.2335834896810507,0.49512195121951236
2024-07-11,0.24258911819887435,0.49455909943714826
2024-07-12,0.2587242026266417,0.4660412757973735
2024-07-15,0.22176360225140718,0.4975609756097562
2024-07-16,0.1153846153846154,0.41294559099437156
2024-07-17,0.08480300187617261,0.36547842401500946
2024-07-18,0.13395872420262664,0.3472795497185742
2024-07-19,0.10919324577861166,0.32457786116322707
2024-07-22,0.1530956848030019,0.3630393996247655
2024-07-23,0.15403377110694186,0.3838649155722327
2024-07-24,0.1885553470919325,0.41838649155722335
2024-07-25,0.1988742964352721,0.42288930581613515
2024-07-26,0.23302063789868674,0.3962476547842402
2024-07-29,0.27185741088180115,0.37992495309568486
2024-07-30,0.31463414634146347,0.39230769230769236
2024-07-31,0.32551594746716705,0.4082551594746718
2024-08-01,0.3489681050656661,0.4367729831144466
2024-08-02,0.34596622889305817,0.4716697936210132
2024-08-05,0.3941838649155723,0.5144465290806755
2024-08-06,0.4354596622889307,0.5570356472795498
2024-08-07,0.4440900562851783,0.5673545966228893
2024-08-08,0.4701688555347093,0.5883677298311445
2024-08-09,0.4804878048780489,0.5677298311444654
2024-08-12,0.48649155722326465,0.5821763602251407
2024-08-13,0.4818011257035648,0.5945590994371484
2024-08-14,0.44165103189493443,0.5489681050656662
2024-08-15,0.4225140712945592,0.5191369606003753
2024-08-16,0.44859287054409014,0.4857410881801127
2024-08-19,0.45553470919324585,0.4960600375234523
2024-08-20,0.47354596622889317,0.44896810506566615
2024-08-21,0.48499061913696073,0.3977485928705442
2024-08-22,0.5170731707317073,0.4045028142589118
2024-08-23,0.5425891181988743,0.37936210131332093
2024-08-26,0.5448405253283302,0.4181988742964353
2024-08-27,0.5412757973733585,0.4127579737335835
2024-08-28,0.5212007504690432,0.37673545966228894
2024-08-29,0.49568480300187623,0.33939962476547847
2024-08-30,0.4637898686679175,0.3052532833020638
2024-09-02,0.426829268292683,0.26622889305816144
2024-09-03,0.45422138836772985,0.30300187617260793
2024-09-04,0.41801125703564734,0.2737335834896811
2024-09-05,0.3915572232645404,0.3337711069418387
2024-09-06,0.38461538461538464,0.37992495309568486
2024-09-09,0.36416510318949347,0.376360225140713
2024-09-10,0.3816135084427768,0.37936210131332093
2024-09-11,0.4491557223264541,0.38630393996247664
2024-09-12,0.47448405253283304,0.4196998123827393
2024-09-13,0.5868667917448406,0.44840525328330205
2024-09-16,0.5977485928705442,0.4551594746716699
2024-09-17,0.602439024390244,0.4705440900562852
2024-09-18,0.6140712945590995,0.5061913696060039
2024-09-19,0.6621013133208257,0.5525328330206379
2024-09-20,0.6898686679174485,0.5641651031894935
2024-09-23,0.6981238273921202,0.5405253283302065
2024-09-24,0.7086303939962476,0.526266416510319
2024-09-25,0.7195121951219512,0.5288930581613509
2024-09-26,0.7095684803001877,0.5198874296435273
2024-09-27,0.6984990619136962,0.4923076923076924
2024-09-30,0.6859287054409007,0.4166979362101314
2024-10-01,0.6491557223264541,0.38836772983114454
2024-10-02,0.6161350844277674,0.44146341463414634
2024-10-03,0.6001876172607881,0.40356472795497195
2024-10-04,0.5726078799249531,0.426829268292683
2024-10-07,0.5339587242026268,0.426078799249531
2024-10-08,0.5819887429643528,0.426078799249531
2024-10-09,0.6127579737335835,0.4641651031894935
2024-10-10,0.6418386491557224,0.47879924953095687
2024-10-11,0.6416510318949344,0.4851782363977487
2024-10-14,0.6709193245778613,0.48592870544090067
2024-10-15,0.7161350844277674,0.4288930581613509
2024-10-16,0.701500938086304,0.4330206378986867
2024-10-17,0.6133208255159476,0.4245778611632271
2024-10-18,0.5814258911819887,0.45928705440900564
2024-10-21,0.628142589118199,0.4474671669793622
2024-10-22,0.6232645403377112,0.45422138836772985
2024-10-23,0.6454033771106943,0.45741088180112577
2024-10-24,0.6159474671669795,0.4365853658536586
2024-10-25,0.6418386491557224,0.41088180112570366
2024-10-28,0.6392120075046905,0.35422138836772993
2024-10-29,0.6217636022514073,0.3165103189493434
2024-10-30,0.5939962476547843,0.276923076923077
2024-10-31,0.5793621013133209,0.2686679174484053
2024-11-01,0.5527204502814259,0.20900562851782367
2024-11-04,0.574671669793621,0.1932457786116323
2024-11-05,0.5545966228893059,0.21163227016885558
2024-11-06,0.5515947467166981,0.1924953095684803
2024-11-07,0.5756097560975609,0.18949343339587246
2024-11-08,0.5973733583489681,0.24108818011257038
2024-11-11,0.5855534709193246,0.2283302063789869
2024-11-12,0.5977485928705442,0.2538461538461539
2024-11-13,0.6084427767354598,0.22945590994371484
2024-11-14,0.5812382739212009,0.21651031894934336
2024-11-15,0.575797373358349,0.24709193245778616
2024-11-18,0.5735459662288932,0.3288930581613509
2024-11-19,0.5369606003752346,0.34390243902439027
2024-11-20,0.5424015009380864,0.34484052532833026
2024-11-21,0.5585365853658537,0.37448405253283307
2024-11-22,0.5189493433395873,0.3945590994371483
2024-11-25,0.5393996247654785,0.39136960600375237
2024-11-26,0.48198874296435285,0.2924953095684803
2024-11-27,0.45590994371482185,0.24409005628517827
2024-11-28,0.4716697936210132,0.25403377110694186
2024-11-29,0.44371482176360233,0.23958724202626647
2024-12-02,0.43789868667917453,0.2606003752345216
2024-12-03,0.45703564727954976,0.27879924953095686
2024-12-04,0.45065666041275804,0.2870544090056285
2024-12-05,0.4660412757973735,0.31538461538461543
2024-12-06,0.5024390243902439,0.32457786116322707
2024-12-09,0.47917448405253293,0.33470919324577864
2024-12-10,0.5076923076923078,0.38742964352720455
2024-12-11,0.5313320825515948,0.3810506566604128
2024-12-12,0.5829268292682928,0.4086303939962478
2024-12-13,0.5731707317073171,0.44727954971857414
2024-12-16,0.5476547842401501,0.46547842401500944
2024-12-17,0.5390243902439025,0.48105065666041286
2024-12-18,0.5043151969981239,0.44296435272045026
2024-12-19,0.5090056285178237,0.4902439024390245
2024-12-20,0.5431519699812384,0.5515947467166981
2024-12-23,0.5634146341463415,0.6146341463414635
2024-12-24,0.5679174484052534,0.6181988742964354
2024-12-26,0.5056285178236398,0.6180112570356473
2024-12-27,0.4990619136960601,0.574671669793621
2024-12-30,0.48480300187617265,0.578611632270169
2024-12-31,0.477673545966229,0.552157598499062
2025-01-02,0.4966228893058163,0.5737335834896812
2025-01-03,0.4926829268292684,0.5694183864915573
2025-01-06,0.4962476547842402,0.5690431519699813
2025-01-07,0.47335834896810514,0.5416510318949344
2025-01-08,0.49549718574108825,0.5527204502814259
2025-01-09,0.4981238273921202,
2025-01-10,0.4885553470919326,0.578799249530957
2025-01-13,0.5242026266416511,0.5596622889305818
2025-01-14,0.526454033771107,0.5575984990619137
2025-01-15,0.5135084427767356,0.5266416510318951
2025-01-16,0.5347091932457787,0.5215759849906193
2025-01-17,0.5439024390243903,0.5206378986866792
2025-01-20,0.5106941838649157,0.49737335834896823
2025-01-21,0.5382739212007505,0.4718574108818012
2025-01-22,0.5138836772983115,0.46454033771106945
2025-01-23,0.5412757973733585,0.5037523452157598
2025-01-24,0.5545966228893059,0.5465290806754223
2025-01-27,0.576735459662289,0.5990619136960601
2025-01-28,0.6180112570356473,0.6046904315196998
2025-01-29,0.6212007504690433,0.6071294559099438
2025-01-30,0.6000000000000001,0.6266416510318951
2025-01-31,0.5690431519699813,0.6121951219512195
2025-02-03,0.5667917448405254,0.6069418386491559
2025-02-04,0.5682926829268293,0.5928705440900564
2025-02-05,0.574859287054409,0.5829268292682928
2025-02-06,0.5515947467166981,0.5904315196998126
2025-02-07,0.5056285178236398,0.5440900562851783
2025-02-10,0.3649155722326454,0.48930581613508456
2025-02-11,0.35403377110694184,0.4604127579737336
2025-02-12,0.3397748592870544,0.4455909943714822
2025-02-13,0.30731707317073176,0.40750469043151977
2025-02-14,0.3435272045028143,0.3720450281425892
2025-02-17,0.3350844277673547,0.3941838649155723
2025-02-18,0.31181988742964356,0.39849906191369616
2025-02-19,0.3170731707317073,0.375797373358349
2025-02-20,0.3037523452157599,0.3729831144465291
2025-02-21,0.39437148217636026,0.3352720450281426
2025-02-24,0.38348968105065667,0.33039399624765486
2025-02-25,0.3849906191369606,0.40281425891182
2025-02-26,0.36791744840525337,0.3789868667917449
2025-02-27,0.3525328330206379,0.41782363977485937
2025-02-28,0.3797373358348969,0.4187617260787993
2025-03-03,0.4350844277673547,0.44052532833020647
2025-03-04,0.451219512195122,0.4454033771106942
2025-03-05,0.4615384615384616,0.5153846153846154
2025-03-06,0.40018761726078805,0.4883677298311445
2025-03-07,0.4097560975609757,0.47242026266416515
2025-03-10,0.41988742964352727,0.5127579737335837
2025-03-11,0.44371482176360233,0.5448405253283302
2025-03-12,0.4384615384615385,0.5692307692307693
2025-03-13,0.48442776735459675,0.5688555347091934
2025-03-14,0.48630393996247656,0.5440900562851783
2025-03-17,0.49849906191369614,0.5328330206378987
2025-03-18,0.48330206378986873,0.5712945590994373
2025-03-19,0.475984990619137,0.5410881801125704
2025-03-20,0.45647279549718583,0.5056285178236398
2025-03-21,0.4243902439024391,0.48198874296435285
2025-03-24,0.38780487804878055,0.48348968105065676
2025-03-25,0.38630393996247664,0.5127579737335837
2025-03-26,0.39437148217636026,0.47786116322701694
2025-03-27,0.3962476547842402,0.47729831144465296
2025-03-28,0.401125703564728,0.476547842401501
2025-03-31,0.3560975609756098,0.451031894934334
2025-04-01,0.3656660412757974,0.4547842401500939
2025-04-02,0.3637898686679175,0.4459662288930582
2025-04-03,0.3720450281425892,0.42739212007504696
2025-04-04,0.3741088180112571,0.43789868667917453
2025-04-07,0.5073170731707318,0.5401500938086304
2025-04-08,0.5172607879924954,0.528142589118199
2025-04-09,0.5294559099437148,0.554033771106942
2025-04-10,0.5945590994371484,0.5452157598499062
2025-04-11,0.6082551594746718,0.55140712945591
2025-04-14,0.5941838649155723,0.5146341463414634
2025-04-15,0.579549718574109,0.4585365853658537
2025-04-16,0.5754221388367731,0.39136960600375237
2025-04-17,0.5577861163227018,0.375234521575985
2025-04-21,0.5330206378986867,0.35028142589118205
2025-04-22,0.5637898686679175,0.36810506566604134
2025-04-23,0.5771106941838651,0.40187617260787994
2025-04-24,0.5420262664165104,0.350093808630394
2025-04-25,0.551969981238274,0.36998123827392126
2025-04-28,0.5448405253283302,0.3705440900562853
2025-04-29,0.5322701688555348,0.3525328330206379
2025-04-30,0.5337711069418387,0.38799249530956853
2025-05-01,0.5181988742964354,0.38799249530956853
2025-05-02,0.5547842401500939,0.36641651031894934
2025-05-05,0.5604127579737337,0.39118198874296445
2025-05-06,0.5078799249530958,0.37504690431519705
2025-05-07,0.4101313320825517,0.2744840525328331
2025-05-08,0.43133208255159483,0.27467166979362106
2025-05-09,0.4572232645403378,0.2810506566604128
2025-05-12,0.46979362101313327,0.27579737335834903
2025-05-13,0.4866791744840526,0.26829268292682934
2025-05-14,0.49887429643527215,0.3230769230769231
2025-05-15,0.44690431519699814,0.3662288930581614
2025-05-16,0.43227016885553476,0.42589118198874304
2025-05-19,0.45741088180112577,0.40356472795497195
2025-05-20,0.477110694183865,0.3849906191369606
2025-05-21,0.4718574108818012,0.36322701688555353
2025-05-22,0.4530956848030019,0.38799249530956853
2025-05-23,0.4410881801125704,0.4136960600375235
2025-05-26,0.45159474671669797,0.4227016885553471
2025-05-27,0.47335834896810514,0.4317073170731708
2025-05-28,0.5189493433395873,0.4632270168855535
2025-05-29,0.4818011257035648,0.503189493433396
2025-05-30,0.4842401500938087,0.48480300187617265
2025-06-02,0.48630393996247656,0.5065666041275798
2025-06-03,0.46247654784240155,0.4904315196998124
2025-06-04,0.46641651031894943,0.48592870544090067
2025-06-05,0.3992495309568481,0.45028142589118203
2025-06-06,0.3675422138836773,0.41088180112570366
2025-06-09,0.3360225140712946,0.38536585365853665
2025-06-10,0.3311444652908068,0.31819887429643534
2025-06-11,0.325328330206379,0.30300187617260793
2025-06-12,0.30431519699812387,0.29512195121951224
2025-06-13,0.2660412757973734,0.24896810506566605
2025-06-16,0.23696060037523456,0.22138836772983117
2025-06-17,0.20000000000000004,0.1461538461538462
2025-06-18,0.16866791744840529,0.12101313320825517
2025-06-19,0.1427767354596623,0.075234521575985
2025-06-20,0.13808630393996252,0.1127579737335835
2025-06-23,0.1577861163227017,0.13939962476547843
2025-06-24,0.1630393996247655,0.07823639774859288
2025-06-25,0.20656660412757977,0.1482176360225141
2025-06-26,0.23771106941838657,0.16228893058161353
2025-06-27,0.2855534709193246,0.18198874296435275
2025-06-30,0.29305816135084434,0.22908067542213886
2025-07-01,0.3587242026266417,0.24484052532833023
2025-07-02,0.3936210131332083,0.23339587242026272
2025-07-03,0.4315196998123828,0.21744840525328332
2025-07-04,0.43283302063789875,0.26191369606003756
2025-07-07,0.39305816135084437,0.21088180112570362
2025-07-08,0.39530956848030024,0.19437148217636024
2025-07-09,0.4326454033771107,0.1833020637898687
2025-07-10,0.5322701688555348,0.15347091932457788
2025-07-11,0.5712945590994373,0.1452157598499062
2025-07-14,0.550093808630394,0.10844277673545967
2025-07-15,0.49249530956848037,0.10750469043151972
2025-07-16,0.4960600375234523,0.12063789868667919
2025-07-17,0.4996247654784241,0.13433395872420265
2025-07-18,0.5393996247654785,0.15515947467166982
2025-07-21,0.527204502814259,0.20600375234521578
2025-07-22,0.5123827392120076,0.12945590994371484
2025-07-23,0.4750469043151971,0.12926829268292683
2025-07-24,0.47204502814258914,0.10318949343339588
2025-07-25,0.4444652908067543,0.1200750469043152
2025-07-28,0.45909943714821777,0.1607879924953096
2025-07-29,0.45647279549718583,0.17073170731707318
2025-07-30,0.4750469043151971,0.2041275797373359
2025-07-31,0.5403377110694184,0.2427767354596623
2025-08-01,0.5502814258911821,0.2705440900562852
2025-08-04,0.5587242026266417,0.2784240150093809
2025-08-05,0.5382739212007505,0.3082551594746717
2025-08-06,0.5127579737335837,0.29699812382739216
2025-08-07,0.5189493433395873,0.3061913696060038
2025-08-08,0.4803001876172608,0.2690431519699813
2025-08-11,0.45009380863039405,0.23208255159474675
2025-08-12,0.4166979362101314,0.23658536585365858
2025-08-13,0.40544090056285187,0.22420262664165103
2025-08-14,0.3684803001876173,0.20506566604127585
2025-08-15,0.2864915572232646,0.15459662288930584
2025-08-18,0.25440900562851787,0.0726078799249531
2025-08-19,0.19343339587242028,0.14896810506566605
2025-08-20,0.21969981238273922,0.17992495309568482
2025-08-21,0.22757973733583495,0.1831144465290807
2025-08-22,0.22476547842401504,0.17204502814258915
2025-08-25,0.23658536585365858,0.20938086303939965
2025-08-26,0.24108818011257038,0.17204502814258915
2025-08-27,0.276923076923077,0.19699812382739215
2025-08-28,0.23902439024390246,0.20000000000000004
2025-08-29,0.1833020637898687,0.09418386491557224
2025-09-01,0.24727954971857413,0.09493433395872422
2025-09-02,0.2913696060037524,0.14746716697936213
2025-09-03,0.2979362101313321,0.14390243902439023
2025-09-04,0.28818011257035653,0.14015009380863042
2025-09-05,0.2816135084427768,0.10412757973733584
2025-09-08,0.2200750469043152,0.05497185741088181
2025-09-09,0.29493433395872426,0.11069418386491559
2025-09-10,0.28761726078799255,0.14146341463414636
2025-09-11,0.29061913696060043,0.14258911819887432
2025-09-12,0.27467166979362106,0.16604127579737338
2025-09-15,0.2696060037523453,0.1960600375234522
2025-09-16,0.29474671669793623,0.29455909943714825
2025-09-17,0.3195121951219513,0.3296435272045029
2025-09-18,0.3307692307692308,0.32345215759849916
2025-09-19,0.3363977485928706,0.3191369606003753
2025-09-22,0.31538461538461543,0.3335834896810507
2025-09-23,0.34840525328330213,0.3666041275797374
2025-09-24,0.33902439024390246,0.35741088180112573
2025-09-25,0.34840525328330213,0.3249530956848031
2025-09-26,0.32138836772983115,0.2879924953095685
2025-09-29,0.27973733583489685,0.25403377110694186
2025-09-30,0.2409005628517824,0.2731707317073171
2025-10-01,0.28330206378986866,0.2774859287054409
2025-10-02,0.24840525328330212,0.2816135084427768
2025-10-03,0.20469043151969987,0.24577861163227022
2025-10-06,0.18105065666041278,0.21913696060037527
2025-10-07,0.16979362101313325,0.21181988742964356
2025-10-08,0.18198874296435275,0.21163227016885558
2025-10-09,0.17654784240150098,0.22138836772983117
2025-10-10,0.19831144465290812,0.20656660412757977
2025-10-13,0.22382739212007505,0.2634146341463415
2025-10-14,0.28311444652908074,0.29849906191369613
2025-10-15,0.2626641651031895,0.25647279549718577
2025-10-16,0.2883677298311445,0.25703564727954975
2025-10-17,0.3236397748592871,0.29362101313320826
2025-10-20,0.33001876172607886,0.30487804878048785
2025-10-21,0.3463414634146342,0.3407129455909944
2025-10-22,0.3294559099437149,0.325328330206379
2025-10-23,0.26622889305816144,0.33677298311444653
2025-10-24,0.31763602251407136,0.41744840525328336
2025-10-27,0.2844277673545967,0.47748592870544093
2025-10-28,0.2669793621013134,0.47542213883677314
2025-10-29,0.24446529080675425,0.46660412757973746
2025-10-30,0.2780487804878049,0.47560975609756106
2025-10-31,0.2780487804878049,0.5249530956848031
2025-11-03,0.3727954971857412,0.5675422138836773
2025-11-04,0.4045028142589118,0.5879924953095685
2025-11-05,0.4320825515947468,0.6001876172607881
2025-11-06,0.4604127579737336,0.6228893058161351
2025-11-07,0.4936210131332083,0.6437148217636024
2025-11-10,0.5444652908067543,0.6114446529080676
2025-11-11,0.5414634146341465,0.5883677298311445
2025-11-12,0.5666041275797373,0.5992495309568481
2025-11-13,0.5863039399624767,0.6189493433395873
2025-11-14,0.5499061913696061,0.5564727954971858
2025-11-17,0.604502814258912,0.5619136960600376
2025-11-18,0.5833020637898687,0.5326454033771107
2025-11-19,0.5911819887429645,0.5219512195121951
2025-11-20,0.604315196998124,0.5373358348968106
2025-11-21,0.6249530956848031,0.5669793621013134
